2022-11-14,Yard Waste - Yard Waste will be picked up sometime during the week
2022-12-05,Yard Waste - Yard Waste will be picked up sometime during the week
2023-04-24,Yard Waste - Yard Waste will be picked up sometime during the week
2023-06-05,Yard Waste - Yard Waste will be picked up sometime during the week
2023-07-17,Yard Waste - Yard Waste will be picked up sometime during the week
2023-08-28,Yard Waste - Yard Waste will be picked up sometime during the week
2022-10-19,Garbage and Recycling
2022-10-27,Garbage and Recycling
2022-11-04,Garbage and Recycling
2022-11-14,Garbage and Recycling
2022-11-22,Garbage and Recycling
2022-11-30,Garbage and Recycling
2022-12-08,Garbage and Recycling
2022-12-16,Garbage and Recycling
2022-12-28,Garbage and Recycling - 3 container exemption
2023-01-06,Garbage and Recycling
2023-01-16,Garbage and Recycling
2023-01-24,Garbage and Recycling
2023-02-01,Garbage and Recycling
2023-02-09,Garbage and Recycling
2023-02-17,Garbage and Recycling
2023-02-28,Garbage and Recycling
2023-03-08,Garbage and Recycling
2023-03-16,Garbage and Recycling
2023-03-24,Garbage and Recycling
2023-04-03,Garbage and Recycling
2023-04-13,Garbage and Recycling - 3 container exemption
2023-04-21,Garbage and Recycling
2023-05-01,Garbage and Recycling - 3 container exemption
2023-05-09,Garbage and Recycling
2023-05-17,Garbage and Recycling
2023-05-26,Garbage and Recycling
2023-06-05,Garbage and Recycling
2023-06-13,Garbage and Recycling
2023-06-21,Garbage and Recycling
2023-06-29,Garbage and Recycling
2023-07-10,Garbage and Recycling
2023-07-18,Garbage and Recycling
2023-07-26,Garbage and Recycling
2023-08-03,Garbage and Recycling
2023-08-14,Garbage and Recycling
2023-08-22,Garbage and Recycling
2023-08-30,Garbage and Recycling
2023-09-08,Garbage and Recycling - 3 container exemption
2023-09-18,Garbage and Recycling
2023-09-26,Garbage and Recycling